commodity,expiry,expiry_date,ticker,price
Gold,Oct 2026,2026-10-01,GCV26.CMX,4175.7998046875
Gold,Nov 2026,2026-11-01,GCX26.CMX,4194.39990234375
Gold,Dec 2026,2026-12-01,GCZ26.CMX,4208.2001953125
Gold,Jan 2027,2027-01-01,GCF27.CMX,4218.0
Gold,Feb 2027,2027-02-01,GCG27.CMX,4245.0
Gold,Mar 2027,2027-03-01,GCH27.CMX,4237.89990234375
Gold,Apr 2027,2027-04-01,GCJ27.CMX,4250.60009765625
Gold,May 2027,2027-05-01,GCK27.CMX,4275.2001953125
Crude Oil,Nov 2026,2026-11-01,CLX26.NYM,92.05999755859375
Crude Oil,Dec 2026,2026-12-01,CLZ26.NYM,89.80999755859375
Crude Oil,Jan 2027,2027-01-01,CLF27.NYM,87.75
Crude Oil,Feb 2027,2027-02-01,CLG27.NYM,85.81999969482422
Crude Oil,Mar 2027,2027-03-01,CLH27.NYM,84.01000213623047
Crude Oil,Apr 2027,2027-04-01,CLJ27.NYM,82.48999786376953
Crude Oil,May 2027,2027-05-01,CLK27.NYM,81.23999786376953
Wheat,Dec 2026,2026-12-01,ZWZ26.CBT,679.5
Wheat,Apr 2027,2027-04-01,ZWJ27.CBT,694.75
Wheat,May 2027,2027-05-01,ZWK27.CBT,702.25
Dollar,Dec 2026,2026-12-01,DXZ26.NYB,101.61000061035156
Dollar,Apr 2027,2027-04-01,DXJ27.NYB,101.25499725341797
S&P 500,Dec 2026,2026-12-01,ESZ26.CME,7737.25
S&P 500,Mar 2027,2027-03-01,ESH27.CME,7806.75
